isnv,sample,frequency,type
T_645_A,SRR527716,0.11913875598086124,snp
T_645_A,SRR527708,0.12138728323699421,snp
