isnv,sample,frequency,type
A_718_G,SRR21837892,0.11428571428571428,snp
A_718_G,SRR21837903,0.07258064516129033,snp
