isnv,sample,frequency,type
G_1277_A,SRR17950709,0.0773109243697479,snp
G_1277_A,SRR17950695,0.10317460317460317,snp
G_1277_A,SRR17950710,0.1141552511415525,snp
G_7099_A,SRR17950709,0.0896551724137931,snp
G_7099_A,SRR17950708,0.058823529411764705,snp
T_4321_C,SRR17950685,0.05764411027568922,snp
T_4321_C,SRR17950686,0.06666666666666667,snp
T_4321_C,SRR17950687,0.06159420289855073,snp
T_4332_C,SRR17950685,0.05301204819277108,snp
T_4332_C,SRR17950686,0.06890459363957598,snp
T_4332_C,SRR17950687,0.05319148936170213,snp
T_4353_C,SRR17950685,0.051630434782608696,snp
T_4353_C,SRR17950686,0.07855626326963906,snp
