mutation,alt_reads,ref_reads,type,app,allele_frequency,sample_exist'
G_103_A,6,103,snp,freebayes,0.05504587155963303,19
A_9845_G,8,96,snp,freebayes,0.07692307692307693,30
T_9848_G,7,122,snp,freebayes,0.05426356589147287,6
A_9850_T,8,119,snp,freebayes,0.06299212598425197,7
A_9851_T,11,123,snp,freebayes,0.08208955223880597,9
C_9858_T,18,180,snp,freebayes,0.09090909090909091,31
C_9859_T,19,178,snp,freebayes,0.09644670050761421,32
A_13017_T,13,142,snp,freebayes,0.08387096774193549,10
T_13019_A,14,130,snp,freebayes,0.09722222222222222,9
T_13019_C,9,130,snp,freebayes,0.06474820143884892,8
G_13020_A,16,178,snp,freebayes,0.08247422680412371,6
G_13021_A,10,174,snp,freebayes,0.05434782608695652,4
G_13021_T,13,174,snp,freebayes,0.06951871657754011,7
G_13022_A,11,194,snp,freebayes,0.05365853658536585,6
G_13023_T,16,192,snp,freebayes,0.07692307692307693,18
