mutation,alt_reads,ref_reads,type,app,allele_frequency,sample_exist'
C_104_T,7,95,snp,freebayes,0.06862745098039216,25
A_8062_C,6,108,snp,freebayes,0.05263157894736842,2
A_9845_G,10,98,snp,freebayes,0.09259259259259259,30
C_9859_T,12,162,snp,freebayes,0.06896551724137931,32
G_13022_T,6,98,snp,freebayes,0.057692307692307696,4
G_13023_T,11,93,snp,freebayes,0.10576923076923077,18
A_14467_G,6,99,snp,freebayes,0.05714285714285714,2
A_14467_T,10,99,snp,freebayes,0.09174311926605505,6
A_14468_G,10,109,snp,freebayes,0.08403361344537816,6
