mutation,alt_reads,ref_reads,type,app,allele_frequency,sample_exist'
A_9850_T,6,109,snp,freebayes,0.05217391304347826,7
A_9851_T,8,111,snp,freebayes,0.06722689075630252,9
C_9858_T,13,145,snp,freebayes,0.08227848101265822,31
C_9859_T,14,147,snp,freebayes,0.08695652173913043,32
G_13020_T,9,89,snp,freebayes,0.09183673469387756,10
G_13023_T,10,100,snp,freebayes,0.09090909090909091,18
A_14467_T,10,92,snp,freebayes,0.09803921568627451,6
A_14468_G,8,101,snp,freebayes,0.07339449541284404,6
