mutation,alt_reads,ref_reads,type,app,allele_frequency,sample_exist'
G_103_T,8,107,snp,freebayes,0.06956521739130435,26
C_104_T,10,110,snp,freebayes,0.08333333333333333,25
A_105_G,8,113,snp,freebayes,0.06611570247933884,4
G_377_T,34,539,snp,freebayes,0.059336823734729496,3
C_1388_G,11,169,snp,freebayes,0.06111111111111111,3
C_1388_T,13,169,snp,freebayes,0.07142857142857142,4
A_1389_T,20,172,snp,freebayes,0.10416666666666667,2
A_1853_T,52,470,snp,freebayes,0.09961685823754789,2
G_1854_T,30,499,snp,freebayes,0.05671077504725898,5
A_1859_G,52,529,snp,freebayes,0.08950086058519793,26
A_1859_T,31,529,snp,freebayes,0.055357142857142855,4
A_1863_G,42,579,snp,freebayes,0.06763285024154589,20
T_2533_C,34,607,snp,freebayes,0.0530421216848674,2
T_2535_A,36,570,snp,freebayes,0.0594059405940594,3
ACA_3096_AA,29,432,del,freebayes,0.06290672451193059,6
C_3130_A,11,204,snp,freebayes,0.05116279069767442,4
A_4723_T,56,246,snp,freebayes,0.18543046357615894,5
A_4917_C,12,167,snp,freebayes,0.0670391061452514,33
A_4925_C,9,161,snp,freebayes,0.052941176470588235,6
A_4927_C,12,154,snp,freebayes,0.07228915662650602,31
T_4940_C,19,117,snp,freebayes,0.13970588235294118,22
T_4949_G,10,117,snp,freebayes,0.07874015748031496,22
C_5106_T,11,162,snp,freebayes,0.06358381502890173,4
A_5130_T,11,189,snp,freebayes,0.055,7
G_5154_T,12,199,snp,freebayes,0.05687203791469194,4
A_5794_T,10,126,snp,freebayes,0.07352941176470588,3
A_5834_T,17,246,snp,freebayes,0.06463878326996197,4
A_5839_G,30,293,snp,freebayes,0.09287925696594428,6
A_5840_T,33,305,snp,freebayes,0.09763313609467456,6
G_5842_T,22,344,snp,freebayes,0.060109289617486336,6
C_6455_T,26,188,snp,freebayes,0.12149532710280374,4
A_6601_T,10,126,snp,freebayes,0.07352941176470588,3
CC_6602_CA,14,122,snp,freebayes,0.10294117647058823,2
C_7666_T,187,248,snp,freebayes,0.4298850574712644,11
C_7676_T,73,385,snp,freebayes,0.15938864628820962,7
A_7997_G,120,1732,snp,freebayes,0.06479481641468683,2
C_8288_A,24,149,snp,freebayes,0.13872832369942195,5
T_8291_C,19,138,snp,freebayes,0.12101910828025478,2
T_8292_A,20,132,snp,freebayes,0.13157894736842105,2
C_8293_A,13,133,snp,freebayes,0.08904109589041095,3
A_9364_T,11,86,snp,freebayes,0.1134020618556701,2
GAGTATGTTAA_9841_GAGTGTGTTAA,31,325,snp,freebayes,0.08707865168539326,2
C_9858_T,84,556,snp,freebayes,0.13125,31
C_9859_T,48,600,snp,freebayes,0.07407407407407407,32
C_10148_A,81,1058,snp,freebayes,0.07111501316944688,9
