mutation_type,count,proportion,group
A_G,109,0.1659056316590563,iSNV
A_T,68,0.1035007610350076,iSNV
A_C,36,0.0547945205479452,iSNV
G_A,45,0.0684931506849315,iSNV
G_C,2,0.0030441400304414,iSNV
G_T,106,0.1613394216133942,iSNV
T_C,34,0.0517503805175038,iSNV
T_A,47,0.0715372907153729,iSNV
T_G,34,0.0517503805175038,iSNV
C_A,41,0.0624048706240487,iSNV
C_T,100,0.15220700152207,iSNV
C_G,0,0.0,iSNV
del,2,0.0030441400304414,iSNV
ins,33,0.0502283105022831,iSNV
