mutation_type,count,proportion,group
A_G,100,0.27100271002710025,iSNV
A_T,72,0.1951219512195122,iSNV
A_C,2,0.005420054200542005,iSNV
G_A,25,0.06775067750677506,iSNV
G_C,0,0.0,iSNV
G_T,41,0.1111111111111111,iSNV
T_C,5,0.013550135501355014,iSNV
T_A,5,0.013550135501355014,iSNV
T_G,25,0.06775067750677506,iSNV
C_A,22,0.05962059620596206,iSNV
C_T,59,0.15989159891598917,iSNV
C_G,4,0.01084010840108401,iSNV
del,2,0.005420054200542005,iSNV
ins,7,0.018970189701897018,iSNV
