mutation,alt_reads,ref_reads,type,app,allele_frequency,sample_exist'
A_66_G,9,93,snp,freebayes,0.08823529411764706,12
TCCCTTGGTTAGAGAT_85_TCCTTTGGTTAGAGAT,130,0,snp,freebayes,1.0,15
C_104_T,120,1902,snp,freebayes,0.05934718100890208,70
G_116_A,2133,4,snp,freebayes,0.9981282171268133,76
G_146_A,2547,39,snp,freebayes,0.9849187935034803,204
A_182_C,3723,5,snp,freebayes,0.9986587982832618,222
A_200_G,2888,2,snp,freebayes,0.9993079584775086,219
A_218_T,4170,1,snp,freebayes,0.9997602493406856,241
T_326_C,8957,6,snp,freebayes,0.9993305812785898,254
T_401_C,6717,63,snp,freebayes,0.9907079646017699,204
T_431_C,6173,3,snp,freebayes,0.9995142487046632,201
T_452_C,6760,15,snp,freebayes,0.9977859778597786,205
T_470_C,7084,5,snp,freebayes,0.9992946819015376,215
T_509_C,6884,9,snp,freebayes,0.998694327578703,185
C_553_A,4149,45,snp,freebayes,0.9892703862660944,70
C_618_T,1785,8,snp,freebayes,0.9955382041271612,61
T_710_C,1852,3,snp,freebayes,0.9983827493261456,145
G_784_T,84,1450,snp,freebayes,0.054758800521512385,8
A_785_G,88,1462,snp,freebayes,0.0567741935483871,8
A_788_T,94,1498,snp,freebayes,0.059045226130653265,8
A_789_T,92,1524,snp,freebayes,0.05693069306930693,9
A_790_T,98,1538,snp,freebayes,0.05990220048899755,10
C_811_T,127,1572,snp,freebayes,0.07474985285462037,5
G_1017_T,706,26,snp,freebayes,0.9644808743169399,79
C_1052_T,518,9,snp,freebayes,0.9829222011385199,64
T_1065_C,464,14,snp,freebayes,0.9707112970711297,53
T_1166_C,870,1,snp,freebayes,0.9988518943742825,59
T_1274_C,856,0,snp,freebayes,1.0,71
T_1329_G,1048,3,snp,freebayes,0.9971455756422455,71
C_1388_T,108,1218,snp,freebayes,0.08144796380090498,10
A_1415_T,1439,3,snp,freebayes,0.9979195561719834,41
G_1457_A,1501,7,snp,freebayes,0.9953580901856764,84
T_1488_G,1481,5,snp,freebayes,0.9966352624495289,85
A_1574_G,2246,0,snp,freebayes,1.0,89
G_1610_A,2450,6,snp,freebayes,0.997557003257329,94
G_1631_A,2582,1,snp,freebayes,0.9996128532713898,106
T_1682_C,2329,34,snp,freebayes,0.9856115107913669,53
G_1694_A,2412,15,snp,freebayes,0.9938195302843016,110
C_1706_T,2413,1,snp,freebayes,0.9995857497928748,108
C_1745_A,2272,2,snp,freebayes,0.9991204925241864,107
C_1763_T,2264,3,snp,freebayes,0.9986766651962946,52
T_1871_A,1412,25,snp,freebayes,0.9826026443980515,127
G_1922_A,462,3,snp,freebayes,0.9935483870967742,152
