mutation,alt_reads,ref_reads,type,app,allele_frequency,sample_exist'
A_65_G,24,262,snp,freebayes,0.08391608391608392,9
A_66_G,33,274,snp,freebayes,0.10749185667752444,12
A_76_G,25,364,snp,freebayes,0.06426735218508997,3
TCCCTTGGTTAGAGAT_85_TCCTTTGGTTAGAGAT,402,0,snp,freebayes,1.0,15
C_104_T,339,4998,snp,freebayes,0.06351883080382237,70
G_116_A,5616,17,snp,freebayes,0.9969820699449672,76
G_146_A,6529,119,snp,freebayes,0.9820998796630566,204
A_182_C,9383,6,snp,freebayes,0.999360954308233,222
A_200_G,6990,7,snp,freebayes,0.9989995712448192,219
A_218_T,9712,3,snp,freebayes,0.9996911991765312,241
T_326_C,17428,11,snp,freebayes,0.9993692298870348,254
T_401_C,10917,220,snp,freebayes,0.9802460267576547,204
T_431_C,10223,17,snp,freebayes,0.99833984375,201
T_452_C,10759,39,snp,freebayes,0.9963882200407483,205
T_470_C,8309,11,snp,freebayes,0.9986778846153846,215
T_509_C,5324,5,snp,freebayes,0.9990617376618502,185
T_548_A,12,89,snp,freebayes,0.1188118811881188,2
