mutation,alt_reads,ref_reads,type,app,allele_frequency,sample_exist'
A_66_G,20,184,snp,freebayes,0.09803921568627451,12
TCCCTTGGTTAGAGAT_85_TCCTTTGGTTAGAGAT,299,1,snp,freebayes,0.9966666666666667,15
C_104_T,208,3253,snp,freebayes,0.06009823750361167,70
G_116_A,3663,11,snp,freebayes,0.9970059880239521,76
G_146_A,4463,58,snp,freebayes,0.9871709798717098,204
A_182_C,6681,8,snp,freebayes,0.9988040065779639,222
A_200_G,5341,1,snp,freebayes,0.9998128041931861,219
A_218_T,7455,3,snp,freebayes,0.999597747385358,241
T_326_C,15672,20,snp,freebayes,0.9987254652052001,254
T_401_C,11023,150,snp,freebayes,0.986574778483845,204
T_431_C,10064,11,snp,freebayes,0.9989081885856079,201
T_452_C,10600,37,snp,freebayes,0.9965215756322271,205
T_470_C,10959,9,snp,freebayes,0.9991794310722101,215
T_509_C,9999,8,snp,freebayes,0.9992005596082743,185
C_553_A,4854,71,snp,freebayes,0.9855837563451777,70
C_618_T,405,0,snp,freebayes,1.0,61
