mutation,alt_reads,ref_reads,type,app,allele_frequency,sample_exist'
C_12919_T,177,6,snp,freebayes,0.9672131147540983,93
A_12979_T,302,6,snp,freebayes,0.9805194805194806,123
A_13030_G,302,9,snp,freebayes,0.9710610932475884,105
A_13063_T,138,9,snp,freebayes,0.9387755102040817,34
C_13072_T,112,9,snp,freebayes,0.9256198347107438,20
