mutation,alt_reads,ref_reads,type,app,allele_frequency,sample_exist'
A_65_G,12,119,snp,freebayes,0.0916030534351145,3
A_66_G,14,120,snp,freebayes,0.1044776119402985,4
TCCCTTGGTTAGAGAT_85_TCCTTTGGTTAGAGAT,194,0,snp,freebayes,1.0,10
C_104_T,147,2397,snp,freebayes,0.05778301886792453,26
G_116_A,2693,11,snp,freebayes,0.9959319526627219,27
G_146_A,3186,54,snp,freebayes,0.9833333333333333,46
A_182_C,4595,3,snp,freebayes,0.9993475424097433,46
A_200_G,3550,5,snp,freebayes,0.9985935302390999,46
A_218_T,4899,4,snp,freebayes,0.9991841729553335,47
T_326_C,9977,7,snp,freebayes,0.9992988782051282,46
T_401_C,7162,82,snp,freebayes,0.98868028713418,46
T_431_C,6556,5,snp,freebayes,0.9992379210486206,44
T_452_C,7175,26,snp,freebayes,0.9963893903624497,46
T_470_C,7613,7,snp,freebayes,0.9990813648293964,46
T_509_C,7466,15,snp,freebayes,0.9979949204651785,45
C_553_A,4481,38,snp,freebayes,0.9915910599690196,28
C_618_T,2123,3,snp,freebayes,0.9985888993414863,32
T_710_C,2380,1,snp,freebayes,0.999580008399832,42
G_784_T,118,2090,snp,freebayes,0.05344202898550725,5
A_785_G,128,2104,snp,freebayes,0.05734767025089606,5
A_788_T,135,2152,snp,freebayes,0.05902929602098819,5
A_789_T,131,2165,snp,freebayes,0.057055749128919864,5
A_790_T,136,2182,snp,freebayes,0.058671268334771355,5
C_811_T,131,2355,snp,freebayes,0.052695092518101366,4
G_1017_T,980,28,snp,freebayes,0.9722222222222222,44
C_1052_T,694,26,snp,freebayes,0.9638888888888889,41
T_1065_C,614,31,snp,freebayes,0.951937984496124,42
G_1115_T,68,723,snp,freebayes,0.08596713021491782,5
C_1129_T,70,982,snp,freebayes,0.06653992395437262,13
T_1166_C,1080,2,snp,freebayes,0.9981515711645101,35
T_1274_C,1056,0,snp,freebayes,1.0,43
T_1329_G,1292,3,snp,freebayes,0.9976833976833976,43
C_1388_T,76,1308,snp,freebayes,0.05491329479768786,6
A_1389_T,116,1317,snp,freebayes,0.08094905792044661,6
A_1415_T,1367,1,snp,freebayes,0.9992690058479532,25
G_1457_A,1409,2,snp,freebayes,0.9985825655563431,43
T_1488_G,1342,0,snp,freebayes,1.0,44
A_1574_G,1101,1,snp,freebayes,0.9990925589836661,43
G_1610_A,1006,2,snp,freebayes,0.998015873015873,44
G_1631_A,907,0,snp,freebayes,1.0,46
T_1682_C,411,2,snp,freebayes,0.9951573849878934,26
G_1694_A,305,1,snp,freebayes,0.9967320261437909,46
C_1706_T,170,0,snp,freebayes,1.0,45
