mutation,alt_reads,ref_reads,type,app,allele_frequency,sample_exist'
TCCCTTGGTTAGAGAT_85_TCCTTTGGTTAGAGAT,118,1,snp,freebayes,0.9915966386554622,10
G_116_A,1571,3,snp,freebayes,0.9980940279542567,27
G_146_A,1971,26,snp,freebayes,0.9869804707060591,46
A_182_C,3190,2,snp,freebayes,0.9993734335839599,46
A_200_G,2793,4,snp,freebayes,0.998569896317483,46
A_218_T,3973,2,snp,freebayes,0.9994968553459119,47
T_326_C,9345,8,snp,freebayes,0.9991446594675505,46
T_401_C,7411,51,snp,freebayes,0.9931653712141517,46
T_431_C,7050,6,snp,freebayes,0.9991496598639455,44
T_452_C,7592,12,snp,freebayes,0.9984218832193582,46
T_470_C,8140,4,snp,freebayes,0.99950884086444,46
T_509_C,8033,16,snp,freebayes,0.9980121754255187,45
C_553_A,5100,55,snp,freebayes,0.9893307468477207,28
C_618_T,2347,1,snp,freebayes,0.9995741056218058,32
T_710_C,2562,1,snp,freebayes,0.9996098322278579,42
G_1017_T,922,29,snp,freebayes,0.9695057833859095,44
C_1052_T,655,11,snp,freebayes,0.9834834834834835,41
T_1065_C,612,11,snp,freebayes,0.9823434991974318,42
A_1116_G,64,744,snp,freebayes,0.07920792079207921,3
T_1166_C,992,1,snp,freebayes,0.998992950654582,35
T_1274_C,1056,3,snp,freebayes,0.9971671388101983,43
T_1329_G,1201,1,snp,freebayes,0.9991680532445923,43
A_1415_T,1411,2,snp,freebayes,0.9985845718329794,25
G_1457_A,1448,4,snp,freebayes,0.9972451790633609,43
T_1488_G,1464,3,snp,freebayes,0.9979550102249489,44
A_1574_G,1749,2,snp,freebayes,0.9988577955454027,43
G_1610_A,1735,4,snp,freebayes,0.9976998274870615,44
G_1631_A,1650,0,snp,freebayes,1.0,46
T_1682_C,1213,4,snp,freebayes,0.9967132292522597,26
G_1694_A,1157,0,snp,freebayes,1.0,46
C_1706_T,1134,2,snp,freebayes,0.9982394366197183,45
C_1745_A,746,0,snp,freebayes,1.0,44
C_1763_T,572,0,snp,freebayes,1.0,25
