mutation,alt_reads,ref_reads,type,app,allele_frequency,sample_exist'
A_65_G,13,108,snp,freebayes,0.10743801652892562,3
A_66_G,12,115,snp,freebayes,0.09448818897637795,4
TCCCTTGGTTAGAGAT_85_TCCTTTGGTTAGAGAT,171,1,snp,freebayes,0.9941860465116279,10
C_104_T,149,2762,snp,freebayes,0.051185159738921335,26
G_116_A,3143,14,snp,freebayes,0.9955654101995566,27
G_146_A,4021,57,snp,freebayes,0.9860225600784699,46
A_182_C,6535,5,snp,freebayes,0.9992354740061162,46
A_200_G,5879,3,snp,freebayes,0.9994899693981639,46
A_218_T,7808,3,snp,freebayes,0.9996159262578415,47
T_326_C,17456,9,snp,freebayes,0.9994846836530203,46
T_401_C,11788,88,snp,freebayes,0.9925900976759852,46
T_431_C,10622,11,snp,freebayes,0.9989654848114361,44
T_452_C,12362,18,snp,freebayes,0.998546042003231,46
T_470_C,11376,8,snp,freebayes,0.9992972593113141,46
T_509_C,8182,8,snp,freebayes,0.999023199023199,45
C_553_A,1633,41,snp,freebayes,0.9755077658303465,28
