mutation,alt_reads,ref_reads,type,app,allele_frequency,sample_exist'
TCCCTTGGTTAGAGAT_85_TCCTTTGGTTAGAGAT,113,0,snp,freebayes,1.0,10
A_105_G,73,1331,snp,freebayes,0.051994301994301995,5
G_116_A,1513,6,snp,freebayes,0.9960500329163924,27
G_146_A,1943,27,snp,freebayes,0.9862944162436548,46
A_182_C,2954,7,snp,freebayes,0.9976359338061466,46
A_200_G,2443,2,snp,freebayes,0.9991820040899796,46
A_218_T,3552,3,snp,freebayes,0.99915611814346,47
T_326_C,7206,4,snp,freebayes,0.9994452149791956,46
T_401_C,5486,42,snp,freebayes,0.9924023154848046,46
T_431_C,5273,3,snp,freebayes,0.9994313874147082,44
T_452_C,5238,12,snp,freebayes,0.9977142857142857,46
T_470_C,5385,3,snp,freebayes,0.9994432071269488,46
T_509_C,5654,11,snp,freebayes,0.9980582524271845,45
C_553_A,3806,28,snp,freebayes,0.9926969222743871,28
C_618_T,2099,5,snp,freebayes,0.9976235741444867,32
T_710_C,2044,2,snp,freebayes,0.9990224828934506,42
G_1017_T,852,11,snp,freebayes,0.9872537659327926,44
C_1052_T,839,7,snp,freebayes,0.991725768321513,41
T_1065_C,870,10,snp,freebayes,0.9886363636363636,42
T_1166_C,1425,1,snp,freebayes,0.9992987377279102,35
T_1274_C,1532,2,snp,freebayes,0.9986962190352021,43
T_1329_G,1707,3,snp,freebayes,0.9982456140350877,43
A_1415_T,1864,2,snp,freebayes,0.9989281886387996,25
G_1457_A,1975,5,snp,freebayes,0.9974747474747475,43
T_1488_G,1889,2,snp,freebayes,0.9989423585404548,44
A_1574_G,2877,4,snp,freebayes,0.9986115931968067,43
G_1610_A,3100,11,snp,freebayes,0.9964641594342655,44
G_1631_A,3198,3,snp,freebayes,0.9990627928772259,46
T_1682_C,2886,35,snp,freebayes,0.9880178021225607,26
G_1694_A,2892,20,snp,freebayes,0.9931318681318682,46
C_1706_T,2875,3,snp,freebayes,0.9989576094510076,45
C_1745_A,2682,6,snp,freebayes,0.9977678571428571,44
C_1763_T,2823,3,snp,freebayes,0.9989384288747346,25
T_1871_A,1149,30,snp,freebayes,0.9745547073791349,42
