mutation,alt_reads,ref_reads,type,app,allele_frequency,sample_exist'
G_91_T,6,111,snp,freebayes,0.05128205128205128,4
AGAG_95_TGAG,81,111,snp,freebayes,0.421875,4
A_99_G,63,472,snp,freebayes,0.11775700934579439,24
A_99_T,50,472,snp,freebayes,0.09578544061302682,24
T_100_G,48,540,snp,freebayes,0.08163265306122448,22
A_1863_G,28,441,snp,freebayes,0.05970149253731343,21
GAATC_2411_GAAATC,67,1099,ins,freebayes,0.057461406518010294,3
ACCAT_2660_ACCCAT,116,695,ins,freebayes,0.14303329223181258,4
ATCC_3140_ATCA,18,236,snp,freebayes,0.07086614173228346,3
