mutation,alt_reads,ref_reads,type,app,allele_frequency,sample_exist'
A_66_G,9,93,snp,freebayes,0.08823529411764706,4
C_104_T,120,1902,snp,freebayes,0.05934718100890208,26
G_784_T,84,1450,snp,freebayes,0.054758800521512385,5
A_785_G,88,1462,snp,freebayes,0.0567741935483871,5
A_788_T,94,1498,snp,freebayes,0.059045226130653265,5
A_789_T,92,1524,snp,freebayes,0.05693069306930693,5
A_790_T,98,1538,snp,freebayes,0.05990220048899755,5
C_811_T,127,1572,snp,freebayes,0.07474985285462037,4
C_1388_T,108,1218,snp,freebayes,0.08144796380090498,6
