mutation,alt_reads,ref_reads,type,app,allele_frequency,sample_exist'
A_105_G,42,662,snp,freebayes,0.05965909090909091,5
C_1066_A,10,169,snp,freebayes,0.055865921787709494,2
G_1115_T,15,189,snp,freebayes,0.07352941176470588,5
C_1388_T,45,494,snp,freebayes,0.08348794063079777,6
A_1389_T,61,498,snp,freebayes,0.10912343470483005,6
A_1851_T,119,2039,snp,freebayes,0.0551436515291937,4
A_1853_T,172,2011,snp,freebayes,0.0787906550618415,3
A_1859_G,200,2235,snp,freebayes,0.08213552361396304,17
A_1863_G,168,2491,snp,freebayes,0.06318164723580294,21
