mutation,alt_reads,ref_reads,type,app,allele_frequency,sample_exist'
A_99_G,203,811,snp,freebayes,0.20019723865877712,24
A_99_T,95,811,snp,freebayes,0.10485651214128035,24
T_100_G,104,1019,snp,freebayes,0.09260908281389137,22
G_103_A,74,1304,snp,freebayes,0.05370101596516691,20
G_103_T,82,1304,snp,freebayes,0.05916305916305916,20
C_104_T,102,1378,snp,freebayes,0.06891891891891892,26
C_811_T,141,1967,snp,freebayes,0.06688804554079697,4
A_1116_G,28,356,snp,freebayes,0.07291666666666667,3
C_1129_T,26,478,snp,freebayes,0.051587301587301584,13
