mutation,alt_reads,ref_reads,type,app,allele_frequency,sample_exist'
A_99_G,175,1230,snp,freebayes,0.12455516014234876,24
A_99_T,119,1230,snp,freebayes,0.08821349147516679,24
T_100_G,112,1420,snp,freebayes,0.0731070496083551,22
G_102_T,114,1752,snp,freebayes,0.06109324758842444,2
G_103_A,119,1674,snp,freebayes,0.06636921360847742,20
G_103_T,148,1674,snp,freebayes,0.08122941822173436,20
C_104_T,154,1824,snp,freebayes,0.07785642062689585,26
G_273_A,469,5902,snp,freebayes,0.07361481714016638,2
