mutation,alt_reads,ref_reads,type,app,allele_frequency,sample_exist'
A_65_G,11,120,snp,freebayes,0.08396946564885496,3
A_99_G,182,1268,snp,freebayes,0.12551724137931033,24
A_99_T,191,1268,snp,freebayes,0.13091158327621658,24
T_100_G,137,1593,snp,freebayes,0.07919075144508671,22
C_104_T,112,2040,snp,freebayes,0.05204460966542751,26
T_645_A,249,1841,snp,freebayes,0.11913875598086124,2
C_1129_T,24,198,snp,freebayes,0.10810810810810811,13
A_1859_G,69,1153,snp,freebayes,0.05646481178396072,17
A_1863_G,79,1179,snp,freebayes,0.06279809220985691,21
