mutation,alt_reads,ref_reads,type,app,allele_frequency,sample_exist'
A_2866_G,10,144,snp,freebayes,0.06493506493506493,5
A_9845_G,10,94,snp,freebayes,0.09615384615384616,24
C_9858_T,13,160,snp,freebayes,0.07514450867052024,38
C_9859_T,21,158,snp,freebayes,0.11731843575418995,39
T_13834_A,7,120,snp,freebayes,0.05511811023622047,11
A_14467_G,8,127,snp,freebayes,0.05925925925925926,5
A_14467_T,9,127,snp,freebayes,0.0661764705882353,14
A_14468_G,10,143,snp,freebayes,0.06535947712418301,15
A_14469_G,10,137,snp,freebayes,0.06802721088435375,7
