mutation,alt_reads,ref_reads,type,app,allele_frequency,sample_exist'
A_99_G,29,219,snp,freebayes,0.11693548387096774,16
A_99_T,20,219,snp,freebayes,0.08368200836820083,11
T_100_G,16,269,snp,freebayes,0.056140350877192984,11
A_1859_G,8,141,snp,freebayes,0.053691275167785234,6
A_1863_G,16,143,snp,freebayes,0.10062893081761007,6
GAATC_2411_GAAATC,35,570,ins,freebayes,0.05785123966942149,3
ACCAT_2660_ACCCAT,78,311,ins,freebayes,0.20051413881748073,6
A_2866_G,26,489,snp,freebayes,0.05048543689320388,5
A_6107_C,12,157,snp,freebayes,0.07100591715976332,2
C_6603_A,6,99,snp,freebayes,0.05714285714285714,2
AGT_7074_AGGT,13,194,ins,freebayes,0.06280193236714976,2
C_8288_A,7,101,snp,freebayes,0.06481481481481481,3
A_9845_G,20,184,snp,freebayes,0.09803921568627451,24
T_9856_G,19,340,snp,freebayes,0.052924791086350974,2
C_9858_T,33,388,snp,freebayes,0.07838479809976247,38
C_9859_T,61,376,snp,freebayes,0.13958810068649885,39
C_12416_T,12,132,snp,freebayes,0.08333333333333333,2
T_13019_A,9,121,snp,freebayes,0.06923076923076923,21
T_13019_G,8,121,snp,freebayes,0.06201550387596899,9
G_13022_A,11,158,snp,freebayes,0.0650887573964497,14
GTTAC_13110_GTTTAC,47,510,ins,freebayes,0.0843806104129264,9
GTTTTTAAG_14134_GTTTTTTAAG,18,231,ins,freebayes,0.07228915662650602,3
A_14467_T,29,305,snp,freebayes,0.08682634730538923,14
A_14468_G,32,320,snp,freebayes,0.09090909090909091,15
