mutation,alt_reads,ref_reads,type,app,allele_frequency,sample_exist'
A_9851_T,11,88,snp,freebayes,0.1111111111111111,4
C_9858_T,20,157,snp,freebayes,0.11299435028248588,38
C_9859_T,20,155,snp,freebayes,0.11428571428571428,39
T_13019_A,10,86,snp,freebayes,0.10416666666666667,21
G_13020_T,9,109,snp,freebayes,0.07627118644067797,20
G_13023_T,8,122,snp,freebayes,0.06153846153846154,35
