mutation,alt_reads,ref_reads,type,app,allele_frequency,sample_exist'
C_6198_T,11,91,snp,freebayes,0.10784313725490197,4
C_9859_T,9,142,snp,freebayes,0.059602649006622516,39
G_13020_T,6,95,snp,freebayes,0.0594059405940594,20
G_13022_T,8,105,snp,freebayes,0.07079646017699115,17
G_13023_T,6,109,snp,freebayes,0.05217391304347826,35
A_14469_G,13,122,snp,freebayes,0.0962962962962963,7
C_14475_T,13,174,snp,freebayes,0.06951871657754011,4
A_15003_T,12,202,snp,freebayes,0.056074766355140186,4
A_15005_T,22,157,snp,freebayes,0.12290502793296089,12
