mutation,alt_reads,ref_reads,type,app,allele_frequency,sample_exist'
C_6198_T,15,107,snp,freebayes,0.12295081967213115,4
A_9845_G,8,143,snp,freebayes,0.052980132450331126,24
C_9858_T,12,170,snp,freebayes,0.06593406593406594,38
G_13023_T,9,101,snp,freebayes,0.08181818181818182,35
T_13834_A,9,119,snp,freebayes,0.0703125,11
AA_14467_GA,10,87,snp,freebayes,0.10309278350515463,2
A_14469_G,11,115,snp,freebayes,0.0873015873015873,7
C_14475_T,15,176,snp,freebayes,0.07853403141361257,4
A_15005_T,20,165,snp,freebayes,0.10810810810810811,12
