mutation,alt_reads,ref_reads,type,app,allele_frequency,sample_exist'
T_13019_A,12,119,snp,freebayes,0.0916030534351145,21
T_13019_G,8,119,snp,freebayes,0.06299212598425197,9
G_13020_T,11,145,snp,freebayes,0.07051282051282051,20
G_13021_T,11,156,snp,freebayes,0.0658682634730539,12
G_13023_T,21,170,snp,freebayes,0.1099476439790576,35
A_14467_T,18,233,snp,freebayes,0.07171314741035857,14
A_14468_G,21,250,snp,freebayes,0.07749077490774908,15
A_15008_C,13,170,snp,freebayes,0.07103825136612021,3
