mutation,alt_reads,ref_reads,type,app,allele_frequency,sample_exist'
T_3087_C,8,102,snp,freebayes,0.07272727272727272,5
T_7880_C,8,123,snp,freebayes,0.061068702290076333,6
T_9848_G,6,97,snp,freebayes,0.05825242718446602,4
A_9850_T,6,95,snp,freebayes,0.0594059405940594,3
A_9851_T,10,100,snp,freebayes,0.09090909090909091,4
C_9859_T,20,146,snp,freebayes,0.12048192771084337,39
C_10148_A,16,274,snp,freebayes,0.05517241379310345,14
A_14467_T,9,138,snp,freebayes,0.061224489795918366,14
A_14468_G,8,142,snp,freebayes,0.05333333333333334,15
