mutation,alt_reads,ref_reads,type,app,allele_frequency,sample_exist'
G_116_A,101,3,snp,freebayes,0.9711538461538461,36
G_146_A,164,0,snp,freebayes,1.0,64
A_182_C,253,1,snp,freebayes,0.9960629921259843,68
A_200_G,231,1,snp,freebayes,0.9956896551724138,69
A_218_T,300,1,snp,freebayes,0.9966777408637874,63
T_326_C,405,0,snp,freebayes,1.0,70
T_401_C,131,1,snp,freebayes,0.9924242424242424,66
T_431_C,137,0,snp,freebayes,1.0,65
T_452_C,137,2,snp,freebayes,0.9856115107913669,66
T_470_C,148,0,snp,freebayes,1.0,67
G_2036_A,118,1,snp,freebayes,0.9915966386554622,65
C_2054_T,129,0,snp,freebayes,1.0,34
G_2075_A,146,1,snp,freebayes,0.9931972789115646,65
T_2093_C,146,0,snp,freebayes,1.0,65
A_2192_G,167,0,snp,freebayes,1.0,61
C_2875_A,121,0,snp,freebayes,1.0,61
A_2938_G,140,0,snp,freebayes,1.0,38
C_7737_A,104,1,snp,freebayes,0.9904761904761905,50
A_7782_T,116,0,snp,freebayes,1.0,51
T_7833_A,121,0,snp,freebayes,1.0,49
C_8063_A,99,12,snp,freebayes,0.8918918918918919,46
C_9858_T,7,124,snp,freebayes,0.05343511450381679,31
C_9859_T,15,119,snp,freebayes,0.11194029850746269,32
A_9883_G,259,0,snp,freebayes,1.0,44
G_9982_A,355,0,snp,freebayes,1.0,43
C_10261_T,139,0,snp,freebayes,1.0,33
T_10282_C,127,0,snp,freebayes,1.0,36
T_10312_A,126,2,snp,freebayes,0.984375,35
A_10318_T,123,1,snp,freebayes,0.9919354838709677,35
G_13023_T,6,92,snp,freebayes,0.061224489795918366,18
T_13033_C,201,2,snp,freebayes,0.9901477832512315,11
T_13372_C,343,3,snp,freebayes,0.9913294797687862,23
A_13431_G,320,5,snp,freebayes,0.9846153846153847,22
A_13597_T,267,0,snp,freebayes,1.0,17
C_13603_T,271,2,snp,freebayes,0.9926739926739927,16
A_13637_G,232,0,snp,freebayes,1.0,16
C_13730_T,277,1,snp,freebayes,0.9964028776978417,17
T_13737_C,278,0,snp,freebayes,1.0,17
T_14389_C,101,0,snp,freebayes,1.0,12
A_14623_G,503,0,snp,freebayes,1.0,13
G_14680_A,509,1,snp,freebayes,0.9980392156862745,18
A_14731_T,470,0,snp,freebayes,1.0,19
A_14791_G,574,0,snp,freebayes,1.0,19
T_14800_C,535,0,snp,freebayes,1.0,18
A_14830_T,418,0,snp,freebayes,1.0,18
T_14860_C,342,1,snp,freebayes,0.9970845481049563,17
TAAAAATTC_14984_TAAAAAATTC,99,0,ins,freebayes,1.0,3
T_14996_C,102,0,snp,freebayes,1.0,9
