mutation,alt_reads,ref_reads,type,app,allele_frequency,sample_exist'
A_65_G,30,259,snp,freebayes,0.10380622837370242,9
A_66_G,38,261,snp,freebayes,0.12709030100334448,12
A_76_G,29,363,snp,freebayes,0.07397959183673469,3
TCCCTTGGTTAGAGAT_85_TCCTTTGGTTAGAGAT,375,3,snp,freebayes,0.9920634920634921,15
C_104_T,354,5660,snp,freebayes,0.05886265380778184,70
G_116_A,6407,12,snp,freebayes,0.9981305499298956,76
G_146_A,7814,105,snp,freebayes,0.986740750094709,204
A_182_C,12194,6,snp,freebayes,0.9995081967213115,222
A_200_G,10482,13,snp,freebayes,0.9987613149118628,219
A_218_T,13684,6,snp,freebayes,0.9995617238860482,241
T_326_C,19188,9,snp,freebayes,0.9995311767463666,254
G_377_T,1145,13109,snp,freebayes,0.08032832889013611,5
C_399_A,561,9333,snp,freebayes,0.05670103092783505,33
T_401_C,8429,202,snp,freebayes,0.9765959911945313,204
T_431_C,4947,12,snp,freebayes,0.9975801572897761,201
T_452_C,2820,31,snp,freebayes,0.9891266222378113,205
T_470_C,402,3,snp,freebayes,0.9925925925925926,215
