mutation,alt_reads,ref_reads,type,app,allele_frequency,sample_exist'
G_116_A,101,3,snp,freebayes,0.9711538461538461,76
G_146_A,164,0,snp,freebayes,1.0,204
A_182_C,253,1,snp,freebayes,0.9960629921259843,222
A_200_G,231,1,snp,freebayes,0.9956896551724138,219
A_218_T,300,1,snp,freebayes,0.9966777408637874,241
T_326_C,405,0,snp,freebayes,1.0,254
T_401_C,131,1,snp,freebayes,0.9924242424242424,204
T_431_C,137,0,snp,freebayes,1.0,201
T_452_C,137,2,snp,freebayes,0.9856115107913669,205
T_470_C,148,0,snp,freebayes,1.0,215
G_2036_A,118,1,snp,freebayes,0.9915966386554622,195
C_2054_T,129,0,snp,freebayes,1.0,59
G_2075_A,146,1,snp,freebayes,0.9931972789115646,216
T_2093_C,146,0,snp,freebayes,1.0,184
A_2192_G,167,0,snp,freebayes,1.0,165
C_2875_A,121,0,snp,freebayes,1.0,192
A_2938_G,140,0,snp,freebayes,1.0,52
C_7737_A,104,1,snp,freebayes,0.9904761904761905,127
A_7782_T,116,0,snp,freebayes,1.0,119
T_7833_A,121,0,snp,freebayes,1.0,146
C_8063_A,99,12,snp,freebayes,0.8918918918918919,125
C_9858_T,7,124,snp,freebayes,0.05343511450381679,71
C_9859_T,15,119,snp,freebayes,0.11194029850746269,74
A_9883_G,259,0,snp,freebayes,1.0,144
G_9982_A,355,0,snp,freebayes,1.0,131
C_10261_T,139,0,snp,freebayes,1.0,98
T_10282_C,127,0,snp,freebayes,1.0,100
T_10312_A,126,2,snp,freebayes,0.984375,113
A_10318_T,123,1,snp,freebayes,0.9919354838709677,94
G_13023_T,6,92,snp,freebayes,0.061224489795918366,64
T_13033_C,201,2,snp,freebayes,0.9901477832512315,12
T_13372_C,343,3,snp,freebayes,0.9913294797687862,41
A_13431_G,320,5,snp,freebayes,0.9846153846153847,136
A_13597_T,267,0,snp,freebayes,1.0,96
C_13603_T,271,2,snp,freebayes,0.9926739926739927,95
A_13637_G,232,0,snp,freebayes,1.0,86
C_13730_T,277,1,snp,freebayes,0.9964028776978417,107
T_13737_C,278,0,snp,freebayes,1.0,27
T_14389_C,101,0,snp,freebayes,1.0,18
A_14623_G,503,0,snp,freebayes,1.0,27
G_14680_A,509,1,snp,freebayes,0.9980392156862745,126
A_14731_T,470,0,snp,freebayes,1.0,140
A_14791_G,574,0,snp,freebayes,1.0,142
T_14800_C,535,0,snp,freebayes,1.0,114
A_14830_T,418,0,snp,freebayes,1.0,118
T_14860_C,342,1,snp,freebayes,0.9970845481049563,104
TAAAAATTC_14984_TAAAAAATTC,99,0,ins,freebayes,1.0,4
T_14996_C,102,0,snp,freebayes,1.0,51
