mutation,alt_reads,ref_reads,type,app,allele_frequency,sample_exist'
A_65_G,7,115,snp,freebayes,0.05737704918032787,9
A_66_G,19,108,snp,freebayes,0.14960629921259844,12
TCCCTTGGTTAGAGAT_85_TCCTTTGGTTAGAGAT,162,0,snp,freebayes,1.0,15
C_104_T,136,2386,snp,freebayes,0.05392545598731166,70
G_116_A,2689,7,snp,freebayes,0.9974035608308606,76
G_146_A,3245,50,snp,freebayes,0.9848254931714719,204
A_182_C,5006,5,snp,freebayes,0.9990021951706246,222
A_200_G,4175,3,snp,freebayes,0.9992819530876017,219
A_218_T,5673,1,snp,freebayes,0.9998237574903066,241
T_326_C,12526,12,snp,freebayes,0.9990429095549529,254
T_401_C,8899,92,snp,freebayes,0.9897675453231009,204
T_431_C,8440,9,snp,freebayes,0.9989347851816783,201
T_452_C,9383,24,snp,freebayes,0.9974487084086319,205
T_470_C,10090,12,snp,freebayes,0.9988121164125916,215
T_509_C,9986,31,snp,freebayes,0.9969052610562045,185
C_553_A,6156,62,snp,freebayes,0.9900289482148601,70
C_618_T,3066,6,snp,freebayes,0.998046875,61
T_702_C,1842,1572,snp,freebayes,0.539543057996485,5
T_710_C,3450,2,snp,freebayes,0.9994206257242179,145
C_819_T,291,1469,snp,freebayes,0.1653409090909091,4
A_878_C,66,760,snp,freebayes,0.07990314769975787,4
C_879_A,64,749,snp,freebayes,0.07872078720787208,3
C_933_A,31,123,snp,freebayes,0.2012987012987013,4
T_934_C,37,109,snp,freebayes,0.2534246575342466,4
