mutation,alt_reads,ref_reads,type,app,allele_frequency,sample_exist'
TCCCTTGGTTAGAGAT_85_TCCTTTGGTTAGAGAT,113,0,snp,freebayes,1.0,15
A_105_G,73,1331,snp,freebayes,0.051994301994301995,10
G_116_A,1513,6,snp,freebayes,0.9960500329163924,76
G_146_A,1943,27,snp,freebayes,0.9862944162436548,204
A_182_C,2954,7,snp,freebayes,0.9976359338061466,222
A_200_G,2443,2,snp,freebayes,0.9991820040899796,219
A_218_T,3552,3,snp,freebayes,0.99915611814346,241
T_326_C,7206,4,snp,freebayes,0.9994452149791956,254
T_401_C,5486,42,snp,freebayes,0.9924023154848046,204
T_431_C,5273,3,snp,freebayes,0.9994313874147082,201
T_452_C,5238,12,snp,freebayes,0.9977142857142857,205
T_470_C,5385,3,snp,freebayes,0.9994432071269488,215
T_509_C,5654,11,snp,freebayes,0.9980582524271845,185
C_553_A,3806,28,snp,freebayes,0.9926969222743871,70
C_618_T,2099,5,snp,freebayes,0.9976235741444867,61
T_710_C,2044,2,snp,freebayes,0.9990224828934506,145
G_1017_T,852,11,snp,freebayes,0.9872537659327926,79
C_1052_T,839,7,snp,freebayes,0.991725768321513,64
T_1065_C,870,10,snp,freebayes,0.9886363636363636,53
T_1166_C,1425,1,snp,freebayes,0.9992987377279102,59
T_1274_C,1532,2,snp,freebayes,0.9986962190352021,71
T_1329_G,1707,3,snp,freebayes,0.9982456140350877,71
A_1415_T,1864,2,snp,freebayes,0.9989281886387996,41
G_1457_A,1975,5,snp,freebayes,0.9974747474747475,84
T_1488_G,1889,2,snp,freebayes,0.9989423585404548,85
A_1574_G,2877,4,snp,freebayes,0.9986115931968067,89
G_1610_A,3100,11,snp,freebayes,0.9964641594342655,94
G_1631_A,3198,3,snp,freebayes,0.9990627928772259,106
T_1682_C,2886,35,snp,freebayes,0.9880178021225607,53
G_1694_A,2892,20,snp,freebayes,0.9931318681318682,110
C_1706_T,2875,3,snp,freebayes,0.9989576094510076,108
C_1745_A,2682,6,snp,freebayes,0.9977678571428571,107
C_1763_T,2823,3,snp,freebayes,0.9989384288747346,52
T_1871_A,1149,30,snp,freebayes,0.9745547073791349,127
