mutation,alt_reads,ref_reads,type,app,allele_frequency,sample_exist'
TCCCTTGGTTAGAGAT_85_TCCTTTGGTTAGAGAT,118,1,snp,freebayes,0.9915966386554622,15
G_116_A,1571,3,snp,freebayes,0.9980940279542567,76
G_146_A,1971,26,snp,freebayes,0.9869804707060591,204
A_182_C,3190,2,snp,freebayes,0.9993734335839599,222
A_200_G,2793,4,snp,freebayes,0.998569896317483,219
A_218_T,3973,2,snp,freebayes,0.9994968553459119,241
T_326_C,9345,8,snp,freebayes,0.9991446594675505,254
T_401_C,7411,51,snp,freebayes,0.9931653712141517,204
T_431_C,7050,6,snp,freebayes,0.9991496598639455,201
T_452_C,7592,12,snp,freebayes,0.9984218832193582,205
T_470_C,8140,4,snp,freebayes,0.99950884086444,215
T_509_C,8033,16,snp,freebayes,0.9980121754255187,185
C_553_A,5100,55,snp,freebayes,0.9893307468477207,70
C_618_T,2347,1,snp,freebayes,0.9995741056218058,61
T_710_C,2562,1,snp,freebayes,0.9996098322278579,145
G_1017_T,922,29,snp,freebayes,0.9695057833859095,79
C_1052_T,655,11,snp,freebayes,0.9834834834834835,64
T_1065_C,612,11,snp,freebayes,0.9823434991974318,53
A_1116_G,64,744,snp,freebayes,0.07920792079207921,4
T_1166_C,992,1,snp,freebayes,0.998992950654582,59
T_1274_C,1056,3,snp,freebayes,0.9971671388101983,71
T_1329_G,1201,1,snp,freebayes,0.9991680532445923,71
A_1415_T,1411,2,snp,freebayes,0.9985845718329794,41
G_1457_A,1448,4,snp,freebayes,0.9972451790633609,84
T_1488_G,1464,3,snp,freebayes,0.9979550102249489,85
A_1574_G,1749,2,snp,freebayes,0.9988577955454027,89
G_1610_A,1735,4,snp,freebayes,0.9976998274870615,94
G_1631_A,1650,0,snp,freebayes,1.0,106
T_1682_C,1213,4,snp,freebayes,0.9967132292522597,53
G_1694_A,1157,0,snp,freebayes,1.0,110
C_1706_T,1134,2,snp,freebayes,0.9982394366197183,108
C_1745_A,746,0,snp,freebayes,1.0,107
C_1763_T,572,0,snp,freebayes,1.0,52
